<?xml  version="1.0" encoding="UTF-8"?>
<beans xmlns="http://www.springframework.org/schema/beans"
    xmlns:xsi="http://www.w3.org/2001/XMLSchema-instance"
    xmlns:aop="http://www.springframework.org/schema/aop"
    xmlns:context="http://www.springframework.org/schema/context"
    xmlns:jee="http://www.springframework.org/schema/jee"
    xmlns:lang="http://www.springframework.org/schema/lang"
    xmlns:p="http://www.springframework.org/schema/p"
    xmlns:tx="http://www.springframework.org/schema/tx"
    xmlns:util="http://www.springframework.org/schema/util"
    xmlns:mvc="http://www.springframework.org/schema/mvc" 
    xsi:schemaLocation="http://www.springframework.org/schema/beans http://www.springframework.org/schema/beans/spring-beans.xsd
        http://www.springframework.org/schema/aop  http://www.springframework.org/schema/aop/spring-aop.xsd
        http://www.springframework.org/schema/context http://www.springframework.org/schema/context/spring-context.xsd
        http://www.springframework.org/schema/jee   http://www.springframework.org/schema/jee/spring-jee.xsd
        http://www.springframework.org/schema/lang  http://www.springframework.org/schema/lang/spring-lang.xsd
        http://www.springframework.org/schema/tx  http://www.springframework.org/schema/tx/spring-tx.xsd
        http://www.springframework.org/schema/util http://www.springframework.org/schema/util/spring-util.xsd
        http://www.springframework.org/schema/mvc  http://www.springframework.org/schema/mvc/spring-mvc-3.0.xsd">
 
 	<!-- Set the Spring context to allow for dispatching request to Controllers -->
 	<mvc:annotation-driven />
 	
 	<!-- Activate annotations and set the packages where scan to look for spring beans	 -->
    <context:component-scan base-package="com.antuansoft.spring.mvc" />  
    <context:component-scan base-package="com.antuansoft.spring.security" />
    
    
    <!-- Basic view resolver to set where JSPs are located -->
    <bean id="jspViewResolver"
        class="org.springframework.web.servlet.view.InternalResourceViewResolver">
        <property name="viewClass"
            value="org.springframework.web.servlet.view.JstlView" />
        <property name="prefix" value="/WEB-INF/view/" />
        <property name="suffix" value=".jsp" />
    </bean>
    
        

         
</beans>